gene,codon,alpha,ac,ag,at,cg,ct,gt
4471,1,0.787891,1.673358,1.962775,1.198784,0.913079,3.432422,1.000000
4471,2,0.615246,3.249908,6.840736,1.246831,6.261555,3.687562,1.000000
4519,1,0.775141,2.161541,2.684503,1.344888,1.020307,2.890961,1.000000
4519,2,0.610438,1.666675,5.217082,1.182032,3.837167,2.862374,1.000000
4527,1,0.712460,3.030586,2.476883,1.536098,0.946038,4.751311,1.000000
4527,2,0.561479,2.534426,6.096829,1.077681,3.321845,2.743757,1.000000
4603,1,0.997010,1.242572,2.057033,1.130338,0.737811,2.875890,1.000000
4603,2,0.808073,0.993415,3.445456,0.778609,2.832117,3.279421,1.000000
4691,1,0.764256,2.339511,2.108804,1.884631,0.789753,3.848845,1.000000
4691,2,0.551177,1.347496,4.297944,1.199526,2.735761,2.965677,1.000000
4724,1,0.755109,2.392241,2.252602,1.233397,1.134309,3.451557,1.000000
4724,2,0.596293,1.405436,4.119453,0.892866,2.383790,2.178171,1.000000
4744,1,0.971464,1.447815,2.236913,1.016269,0.742918,2.198185,1.000000
4744,2,0.741002,1.436563,3.911681,1.160722,4.012495,3.277376,1.000000
4757,1,0.643014,1.732577,1.457777,1.339799,0.807485,3.402335,1.000000
4757,2,0.486814,1.775809,4.001011,1.179206,3.804285,2.088102,1.000000
4793,1,1.139745,1.791077,2.411997,1.354665,1.001623,3.060399,1.000000
4793,2,0.792245,1.391813,4.465653,1.175896,2.880272,3.368839,1.000000
4796,1,0.802683,1.737314,1.717052,1.054161,0.750060,2.817218,1.000000
4796,2,0.617877,2.364272,5.510454,1.126890,4.306807,3.156613,1.000000
4802,1,0.656033,2.185560,1.454074,1.266838,0.637233,6.006981,1.000000
4802,2,0.467658,3.526901,7.092158,1.016147,6.550325,3.394751,1.000000
4806,1,0.819230,2.435706,2.348323,1.239857,1.030378,3.136474,1.000000
4806,2,0.565499,1.786852,3.835359,1.097061,3.040867,2.674902,1.000000
4815,1,1.077735,1.595998,2.386181,1.046625,1.218755,3.163814,1.000000
4815,2,0.923929,1.142499,4.817255,0.592222,3.642614,2.470346,1.000000
4848,1,0.916805,1.785133,2.052609,1.275953,0.727069,3.765498,1.000000
4848,2,0.803106,1.357346,4.402206,0.944524,2.594904,3.078822,1.000000
4889,1,0.746466,2.182670,2.893889,1.265498,1.426287,3.206516,1.000000
4889,2,0.618734,2.392234,6.147655,1.059278,5.211902,3.661522,1.000000
4890,1,0.932739,1.487010,1.720966,1.509378,0.730191,2.640203,1.000000
4890,2,0.843601,1.920222,5.242771,0.989920,4.517782,2.794297,1.000000
4893,1,0.691014,1.482397,1.299184,1.013190,0.734062,3.267123,1.000000
4893,2,0.569002,2.497339,4.924852,1.018723,6.325562,3.289275,1.000000
4904,1,1.136841,1.483788,1.565118,1.069523,0.943811,2.532834,1.000000
4904,2,1.206738,1.541840,4.235435,0.881958,2.729605,2.396817,1.000000
4932,1,0.689827,1.807307,1.421354,0.930325,0.813304,3.362986,1.000000
4932,2,0.517744,3.264780,6.852080,1.059615,5.040883,2.259634,1.000000
4936,1,1.680465,1.743348,2.189715,1.300848,1.098465,3.274775,1.000000
4936,2,1.114292,1.354292,3.247404,0.833932,2.322165,2.289347,1.000000
4942,1,0.764742,1.861186,1.867583,1.076488,0.698941,3.153688,1.000000
4942,2,0.599115,2.968057,7.104829,1.155189,4.203072,2.821677,1.000000
4950,1,1.038717,1.862209,2.612736,1.184833,1.233985,3.175985,1.000000
4950,2,0.733792,1.056114,4.414869,0.592334,2.259702,2.099935,1.000000
4951,1,0.680010,1.225968,1.424961,0.876002,0.435977,2.587116,1.000000
4951,2,0.522309,1.915528,5.794141,0.838335,6.184662,2.621299,1.000000
4954,1,0.809974,1.655809,1.250321,0.868588,0.517454,4.268524,1.000000
4954,2,0.776677,2.280971,7.337221,0.824932,8.905945,3.812278,1.000000
4976,1,0.792539,2.154980,3.268798,1.341612,1.539441,3.284056,1.000000
4976,2,0.783663,0.962156,3.117470,0.698203,2.083110,2.221548,1.000000
4989,1,0.723862,2.326396,1.561932,1.087603,0.904485,3.398828,1.000000
4989,2,0.628407,1.776675,3.624449,0.938789,3.465755,3.011854,1.000000
4992,1,1.227494,1.709972,2.096145,1.098622,0.884753,3.799518,1.000000
4992,2,0.846789,1.495057,4.953733,0.814671,4.147497,3.658228,1.000000
5018,1,0.700852,1.870420,2.119999,1.248737,0.847876,3.141112,1.000000
5018,2,0.594214,2.131462,6.967033,1.074792,5.326663,2.502708,1.000000
5032,1,0.899387,2.136426,1.898887,1.574799,0.939847,3.635916,1.000000
5032,2,0.765947,0.729091,3.145043,0.654532,2.052359,2.187855,1.000000
5034,1,0.700484,1.991582,2.378983,1.258606,1.000235,3.447902,1.000000
5034,2,0.613379,3.128174,6.237469,0.786227,4.373907,2.204210,1.000000
5038,1,0.932116,2.012360,2.706703,1.240529,1.068317,2.762969,1.000000
5038,2,0.705207,1.486452,4.596771,1.131855,2.735305,2.801954,1.000000
5090,1,0.459392,1.127571,1.089877,0.916619,0.338294,3.196625,1.000000
5090,2,0.404109,1.464504,3.784965,0.530274,1.969545,1.849524,1.000000
5104,1,0.759605,2.618061,2.700839,1.353890,0.923359,2.009942,1.000000
5104,2,0.637406,2.073215,4.742782,1.059699,2.692575,2.266200,1.000000
5111,1,0.993074,1.791514,1.731611,1.125828,0.876780,2.745552,1.000000
5111,2,0.886488,0.753460,2.517372,0.664235,1.912904,2.493572,1.000000
5116,1,0.788483,1.637091,1.789011,1.240974,0.791133,2.528267,1.000000
5116,2,0.715558,2.151277,4.846889,1.300341,3.566605,3.171518,1.000000
5123,1,0.640866,2.282864,2.241373,1.496797,1.019442,2.970063,1.000000
5123,2,0.524083,1.453114,2.783568,0.905588,2.271865,2.800469,1.000000
5131,1,0.921757,1.904544,1.805890,1.291469,0.703743,3.937515,1.000000
5131,2,0.565883,3.911971,9.757826,1.060895,5.345196,4.864079,1.000000
5138,1,0.930544,1.462520,1.290264,1.030814,0.574117,2.541846,1.000000
5138,2,0.705115,3.200629,8.623871,1.373948,6.803601,3.531565,1.000000
5162,1,1.124932,1.703069,1.786074,1.238182,0.897679,3.874664,1.000000
5162,2,0.804744,1.712663,5.601295,0.901248,4.304985,3.312170,1.000000
5163,1,0.873177,1.364669,1.456061,1.040367,0.479709,2.762419,1.000000
5163,2,0.807432,2.639231,6.331762,1.182392,8.377815,3.579399,1.000000
5168,1,1.017849,1.900275,1.512853,1.209897,0.626216,3.605616,1.000000
5168,2,0.891086,2.110540,5.301598,1.374285,5.122390,3.861506,1.000000
5177,1,1.026559,1.774457,1.596238,1.216421,0.711738,2.252525,1.000000
5177,2,0.863714,2.319101,6.501764,1.516273,5.515374,3.218685,1.000000
5188,1,0.614508,2.274619,1.523702,0.836929,1.024410,3.933482,1.000000
5188,2,0.522866,0.983837,2.119986,0.804419,1.245754,3.339314,1.000000
5200,1,0.633991,1.868842,1.515191,1.615611,0.981137,2.802919,1.000000
5200,2,0.547313,1.844517,3.063973,1.211367,2.249886,2.207389,1.000000
5206,1,0.567987,1.114182,1.027397,0.882404,0.585845,2.086757,1.000000
5206,2,0.432674,2.231266,2.583165,1.090339,2.174889,2.332315,1.000000
5209,1,1.210593,2.453510,2.558673,1.218347,1.233085,3.531432,1.000000
5209,2,0.959772,1.637667,4.509717,1.266895,3.628388,3.436762,1.000000
5220,1,0.899164,2.437230,2.398207,1.310424,1.177711,3.305022,1.000000
5220,2,0.764897,1.683976,4.539636,0.881162,3.695389,2.449976,1.000000
5257,1,0.742342,1.565203,1.703797,1.091031,0.756508,2.825837,1.000000
5257,2,0.630010,1.260791,3.838704,0.858759,3.575421,2.530583,1.000000
5260,1,0.812341,1.393793,1.465956,1.014220,0.993683,2.299735,1.000000
5260,2,0.688563,1.381718,3.599034,1.018924,2.495130,1.867195,1.000000
5264,1,0.664152,2.082183,1.659481,1.293446,1.002674,3.487551,1.000000
5264,2,0.594902,1.740724,3.793212,1.239106,3.292475,2.824535,1.000000
5271,1,0.642781,2.127990,2.244614,1.300177,1.027855,3.955899,1.000000
5271,2,0.616108,1.966811,4.369307,0.900929,3.095261,2.626534,1.000000
5273,1,0.822928,1.435827,1.920327,1.222844,0.849598,3.563482,1.000000
5273,2,0.640654,1.113144,3.820806,0.947006,3.185049,3.063792,1.000000
5280,1,0.696200,2.049235,2.355276,1.173631,0.889948,4.085929,1.000000
5280,2,0.529492,2.102434,4.898450,0.781417,3.791126,1.926018,1.000000
5296,1,0.590509,1.971477,1.480018,1.382719,0.566696,4.311229,1.000000
5296,2,0.454071,2.821359,6.047840,1.467076,4.242421,3.135750,1.000000
5299,1,0.837861,2.033496,2.772815,0.947776,1.384477,2.483402,1.000000
5299,2,0.687580,1.288641,3.117886,0.754736,2.855226,2.758580,1.000000
5304,1,0.669260,2.064973,1.456389,0.964782,0.789856,2.784930,1.000000
5304,2,0.594165,2.050543,3.921686,1.126320,3.907917,2.813517,1.000000
5318,1,0.465906,1.303299,1.320592,1.415082,0.320409,3.033918,1.000000
5318,2,0.422893,0.985133,2.896203,0.551642,2.955866,1.648459,1.000000
5326,1,0.799873,1.924803,1.540232,1.151079,0.594653,2.525349,1.000000
5326,2,0.626662,1.528749,3.977087,1.232918,3.665185,3.389943,1.000000
5328,1,0.869040,2.306715,2.116336,1.441156,1.079989,3.165662,1.000000
5328,2,0.633706,0.851691,1.999183,0.726190,1.857232,2.185580,1.000000
5335,1,0.862944,1.756770,1.397462,1.060745,0.605897,1.737249,1.000000
5335,2,0.765660,2.134420,5.030166,1.571426,5.077940,3.965969,1.000000
5339,1,1.184704,1.604262,2.025108,1.151058,0.761653,3.189041,1.000000
5339,2,0.869808,1.853855,4.807054,0.860689,4.464411,3.367566,1.000000
5343,1,0.622628,1.806674,1.756218,1.053798,0.723409,2.500749,1.000000
5343,2,0.493816,1.806128,4.023977,1.346586,3.570557,2.106009,1.000000
5347,1,0.696243,2.622547,1.438673,1.531726,0.934197,3.227448,1.000000
5347,2,0.479609,2.442248,3.773339,0.760898,3.628572,3.426809,1.000000
5348,1,1.380367,2.195030,2.226092,1.137185,0.970265,3.050526,1.000000
5348,2,1.047826,2.306490,4.787631,0.943887,5.119773,3.077996,1.000000
5351,1,1.025508,2.226516,1.692374,1.175101,1.208860,3.070235,1.000000
5351,2,0.825487,1.503849,4.313516,1.128972,2.150035,2.346151,1.000000
5353,1,1.167977,1.500658,2.124986,1.440024,0.825732,2.924335,1.000000
5353,2,0.906222,1.492034,3.832765,0.724555,3.017152,2.462557,1.000000
5354,1,0.843177,1.574729,2.720190,0.989781,0.819646,1.810834,1.000000
5354,2,0.620202,1.704748,5.356386,1.100229,4.031409,2.454619,1.000000
5355,1,0.669382,2.367431,2.639466,1.521398,1.126170,4.536553,1.000000
5355,2,0.780356,1.496753,5.132418,0.876332,2.817816,2.790427,1.000000
5357,1,0.688733,1.467414,2.026741,0.998264,0.609903,3.937478,1.000000
5357,2,0.722305,1.633543,3.853905,1.329000,4.418087,3.036964,1.000000
5366,1,0.647976,1.375382,1.270829,1.227630,0.624333,3.196668,1.000000
5366,2,0.581086,2.171639,4.632769,1.083772,3.436031,2.546057,1.000000
5398,1,0.586895,1.123550,1.132443,0.893834,0.534989,2.546191,1.000000
5398,2,0.523717,2.275416,6.091464,1.143785,4.745532,3.636286,1.000000
5406,1,0.589208,2.037279,1.438277,1.161048,0.501320,3.604032,1.000000
5406,2,0.524096,3.705857,6.823450,1.426029,7.412318,2.352171,1.000000
5421,1,0.924791,2.870199,2.303324,1.357229,0.983859,2.872742,1.000000
5421,2,0.696024,2.224281,5.737071,0.966227,4.371633,3.564261,1.000000
5422,1,0.782930,1.893332,1.969100,0.991745,1.054341,2.944166,1.000000
5422,2,0.588241,1.322473,3.894583,0.692806,2.413968,1.904477,1.000000
5426,1,0.790901,1.816057,2.630659,1.322542,0.976961,3.089799,1.000000
5426,2,0.562885,1.595977,5.092615,1.110919,3.579562,3.484246,1.000000
5427,1,0.998627,1.256320,1.516525,1.018814,0.706129,2.458559,1.000000
5427,2,0.699132,0.753944,2.537928,0.442891,3.126735,2.802240,1.000000
5428,1,1.188889,1.761461,1.828496,1.005039,0.542782,2.636745,1.000000
5428,2,0.932919,1.572529,5.797325,0.989772,3.298446,2.794850,1.000000
5430,1,0.781762,1.828953,1.512600,0.887749,1.356984,2.585588,1.000000
5430,2,0.732014,1.507480,3.633548,0.709605,2.703427,3.286615,1.000000
5434,1,0.619372,1.672532,1.369990,1.234738,0.655599,3.740021,1.000000
5434,2,0.492545,2.672913,5.205791,0.891186,5.274869,3.124366,1.000000
5449,1,0.666984,1.802777,1.271831,0.952928,0.794207,3.745924,1.000000
5449,2,0.483859,1.720543,4.717297,1.484972,2.824675,2.807676,1.000000
5454,1,0.625393,2.605432,2.724927,1.279345,1.316982,4.282212,1.000000
5454,2,0.494606,1.245377,2.898910,0.840480,2.233078,2.180248,1.000000
5460,1,0.712844,2.109261,1.622617,1.275621,0.855982,3.892282,1.000000
5460,2,0.679680,1.271783,3.107707,0.592204,4.195829,2.478596,1.000000
5463,1,0.886490,1.494511,1.277589,1.499487,0.751861,5.730981,1.000000
5463,2,0.614132,0.991069,4.083287,0.337902,3.023970,1.570159,1.000000
5464,1,0.949213,1.861514,1.638826,1.065616,0.840432,3.156280,1.000000
5464,2,0.730447,2.432881,5.460555,1.254588,3.654495,2.463671,1.000000
5469,1,0.670661,1.986262,2.749566,1.277024,1.018533,2.949989,1.000000
5469,2,0.535974,1.690067,3.948961,0.873213,2.742997,2.062746,1.000000
5477,1,0.998373,2.964254,2.845726,1.272104,1.257964,3.061719,1.000000
5477,2,0.829383,2.220648,4.765383,1.412058,4.344655,2.705922,1.000000
5489,1,0.758945,2.370809,1.972525,1.483178,1.216427,4.298894,1.000000
5489,2,0.689308,1.503995,3.340948,0.932112,2.609610,3.512852,1.000000
5502,1,0.689975,2.189613,2.097629,1.556371,0.656003,3.461480,1.000000
5502,2,0.472949,1.884953,5.675761,1.104755,2.993917,2.174471,1.000000
5513,1,0.893798,2.241077,2.882300,1.525978,1.129157,2.718206,1.000000
5513,2,0.708063,1.911447,4.888985,1.015683,3.681252,1.854752,1.000000
5528,1,0.815340,1.812895,2.308941,1.142083,0.734579,2.806571,1.000000
5528,2,0.777582,0.972895,2.853099,1.075605,2.489734,3.400223,1.000000
5531,1,0.690979,2.939175,2.280599,1.313127,0.972876,3.220210,1.000000
5531,2,0.572556,2.226136,4.369606,0.843005,3.791619,2.675581,1.000000
5536,1,0.593318,2.467209,2.431950,1.417293,0.918921,2.776007,1.000000
5536,2,0.559998,2.115537,3.930938,1.149370,3.348445,4.017204,1.000000
5551,1,0.692224,2.430882,2.079518,1.196345,1.107103,3.977790,1.000000
5551,2,0.486870,2.001822,4.626420,0.994374,3.535509,2.333221,1.000000
5554,1,0.785092,1.922626,1.836158,1.233550,0.869129,3.471743,1.000000
5554,2,0.649747,1.192651,3.685136,0.733200,2.400863,2.926333,1.000000
5562,1,0.731433,1.340120,0.972180,1.112252,0.605174,1.819214,1.000000
5562,2,0.748309,1.581489,2.332885,1.166996,2.094838,1.961370,1.000000
5594,1,0.753256,3.311644,2.134191,1.779816,1.252684,4.952431,1.000000
5594,2,0.602084,4.815406,7.486194,1.371651,6.683254,4.395282,1.000000
5596,1,0.874168,1.670720,2.355598,1.111248,0.788694,3.068206,1.000000
5596,2,0.687737,1.376753,4.235710,0.938095,2.861280,3.288735,1.000000
5599,1,0.948078,1.794010,1.999300,1.580780,0.701010,2.602041,1.000000
5599,2,0.734240,2.887486,5.971387,1.716079,5.311112,4.562354,1.000000
5614,1,0.788803,1.150300,1.682053,1.060386,0.597870,2.665532,1.000000
5614,2,0.679601,0.806858,2.976597,0.835145,1.572882,3.113570,1.000000
5620,1,0.674357,2.166841,2.130867,1.083668,1.031818,4.424149,1.000000
5620,2,0.541192,1.546984,4.687821,0.863987,3.057184,3.272996,1.000000
5634,1,0.957292,1.686867,1.997843,1.312844,0.705988,2.328342,1.000000
5634,2,0.825454,0.959173,2.545616,0.775401,1.981601,2.572431,1.000000
5639,1,0.689531,2.221823,2.508881,1.278237,1.124419,3.458005,1.000000
5639,2,0.618067,2.166292,5.335405,0.908555,3.789968,2.736751,1.000000
5644,1,0.781388,2.116639,2.421975,1.255417,1.024020,2.533093,1.000000
5644,2,0.623396,1.651683,3.768835,1.259147,2.839243,3.193156,1.000000
5656,1,0.769762,1.991386,2.420498,1.218431,1.331718,2.588076,1.000000
5656,2,0.603786,1.208188,3.083190,0.851374,2.431879,2.687831,1.000000
5660,1,1.187042,1.235351,1.669640,1.220290,0.639879,2.532795,1.000000
5660,2,0.936083,2.070559,6.504418,1.200982,6.828873,2.835966,1.000000
5664,1,0.791870,3.213031,2.734225,1.542432,1.156812,4.589265,1.000000
5664,2,0.620674,2.453912,5.087943,1.250067,3.741264,3.984797,1.000000
5670,1,1.079901,1.773658,1.605782,1.145874,0.552171,4.281771,1.000000
5670,2,0.820813,0.796356,3.607438,0.950217,3.052951,2.916503,1.000000
5699,1,0.843570,1.363287,2.383583,1.186842,0.952347,3.171889,1.000000
5699,2,0.602865,1.141443,3.328670,0.844533,2.783585,2.849816,1.000000
5702,1,0.788357,1.868885,1.364195,1.274518,0.783391,5.584319,1.000000
5702,2,0.529298,1.481563,5.418528,0.676146,3.586720,1.845521,1.000000
5703,1,1.045823,1.442087,2.287528,0.936616,0.909014,2.506452,1.000000
5703,2,0.704661,1.224594,4.348416,0.722708,2.808468,2.173044,1.000000
5716,1,0.891609,1.751849,2.071046,1.274137,1.025301,3.056306,1.000000
5716,2,0.813592,0.975235,3.259163,0.979731,1.650153,3.284622,1.000000
5721,1,0.627525,1.434687,1.389064,1.093662,0.515367,3.709400,1.000000
5721,2,0.479500,2.684787,6.986708,1.217396,3.898612,2.731273,1.000000
5733,1,0.830980,1.611820,1.719628,1.131115,0.748013,3.519432,1.000000
5733,2,0.643557,1.968544,6.319642,1.228142,2.963560,2.896805,1.000000
5744,1,0.724566,2.894775,1.586798,1.842879,0.882519,4.665852,1.000000
5744,2,0.503095,1.342385,3.698340,0.759913,3.042932,2.099535,1.000000
5753,1,1.292414,2.339033,2.464668,1.106772,1.103154,3.321965,1.000000
5753,2,0.948280,1.523414,4.795373,1.000609,3.197987,3.511868,1.000000
5761,1,1.023208,1.701245,2.712989,1.141411,1.178893,2.853142,1.000000
5761,2,0.801520,1.143797,4.064474,0.742741,2.426288,3.213492,1.000000
5770,1,1.414277,2.365632,1.954220,1.309500,1.128314,3.384798,1.000000
5770,2,1.104719,2.328885,5.207219,0.839799,3.820693,2.952341,1.000000
5772,1,0.692598,1.825222,1.924960,1.835383,0.811537,4.505674,1.000000
5772,2,0.655345,2.379006,4.771537,1.037551,3.151664,3.343713,1.000000
5791,1,0.581151,1.846617,1.742145,1.163130,0.831027,4.641590,1.000000
5791,2,0.484780,1.998199,5.471615,0.790933,3.699579,2.427647,1.000000
5802,1,1.015788,1.873782,2.520962,1.221568,0.847126,3.320863,1.000000
5802,2,0.836424,1.675207,5.160090,0.900635,4.464219,2.955688,1.000000
5812,1,0.988055,1.812934,2.437442,1.377078,1.174084,3.428438,1.000000
5812,2,0.743700,1.568351,4.465205,0.986457,2.722594,2.926628,1.000000
5815,1,0.689640,1.612059,1.844922,1.376047,0.757030,3.846518,1.000000
5815,2,0.524055,2.285063,4.687780,1.111901,3.363230,3.189895,1.000000
5816,1,1.215001,1.936761,2.842783,1.169890,1.235173,2.546272,1.000000
5816,2,0.843361,1.776581,6.108457,1.235216,3.120361,3.073595,1.000000
5818,1,0.986836,1.699575,2.459050,1.628117,1.167286,3.459585,1.000000
5818,2,0.730994,1.412243,4.234904,0.872951,3.045108,2.266086,1.000000
5821,1,0.801900,2.273756,2.225247,1.566135,0.957164,5.078741,1.000000
5821,2,0.534356,2.566624,6.699372,1.120934,4.279894,3.027141,1.000000
5822,1,0.974289,1.842907,2.300096,1.295374,0.942688,3.631596,1.000000
5822,2,0.800728,1.322098,4.050582,0.817902,1.911285,2.828233,1.000000
5840,1,0.494828,1.543867,1.584703,1.243109,0.416855,3.656766,1.000000
5840,2,0.444908,1.902398,5.096762,1.126247,3.978078,2.438265,1.000000
5841,1,1.099632,1.882127,2.107084,1.263439,0.768839,2.402200,1.000000
5841,2,0.911276,1.584168,4.274350,1.198167,4.452752,3.711472,1.000000
5842,1,0.992940,1.663157,2.092631,1.316337,0.920161,3.278361,1.000000
5842,2,0.720174,1.435436,5.362677,0.818994,2.807162,2.628188,1.000000
5843,1,0.959008,1.520260,1.828675,1.076389,0.893009,2.049192,1.000000
5843,2,1.097167,1.656178,4.663658,0.565802,2.351051,1.928095,1.000000
5849,1,0.578732,2.397214,2.366765,1.432395,1.292704,3.066055,1.000000
5849,2,0.617482,1.496600,3.441012,1.649633,3.088735,2.415175,1.000000
5853,1,0.943503,1.261198,1.116971,0.914803,0.753691,3.188207,1.000000
5853,2,0.965916,1.615554,4.402082,0.658091,4.735884,3.023818,1.000000
5857,1,0.654271,1.339804,0.878697,1.241090,0.537512,3.154465,1.000000
5857,2,0.522025,4.578255,4.954216,1.529568,5.115920,3.557451,1.000000
5858,1,0.733483,3.316685,1.285908,1.314380,0.653450,4.934831,1.000000
5858,2,0.535544,2.758570,3.964314,1.555994,3.279975,6.628497,1.000000
5859,1,0.914110,1.265968,1.303075,1.481611,0.412890,2.036482,1.000000
5859,2,0.847290,2.069773,5.047327,1.266461,5.165987,2.833749,1.000000
5863,1,0.993881,1.600177,2.379040,1.125002,0.950562,2.901757,1.000000
5863,2,0.908301,0.950064,3.203861,0.750715,1.710654,2.567069,1.000000
5865,1,1.081325,1.534773,1.854558,0.862440,0.810467,3.017399,1.000000
5865,2,0.806020,1.785899,4.996687,0.759347,4.424978,3.066580,1.000000
5866,1,0.741973,1.956100,1.533106,1.088504,0.853229,3.462871,1.000000
5866,2,0.641334,2.175595,5.067367,0.766414,4.193162,2.536654,1.000000
5870,1,0.709672,1.298033,2.499748,0.913582,0.554804,2.030936,1.000000
5870,2,0.724951,0.660182,3.226457,0.479618,4.241200,2.354156,1.000000
5892,1,1.165049,0.913758,1.654165,1.155446,0.663178,1.686702,1.000000
5892,2,0.883890,0.591909,2.859759,0.715799,3.142288,2.024174,1.000000
5893,1,1.006125,1.175343,1.963690,1.242217,0.797206,2.417217,1.000000
5893,2,0.730514,1.534650,4.952813,0.627059,2.388320,1.958780,1.000000
5894,1,0.703539,1.463040,1.844409,1.043110,0.859040,2.719269,1.000000
5894,2,0.560505,1.240434,3.841209,0.715806,2.069619,2.788644,1.000000
5899,1,1.202621,1.567758,2.039427,0.918721,0.710729,2.558773,1.000000
5899,2,0.917786,1.926917,5.278771,0.980520,4.004352,2.907610,1.000000
5910,1,0.584173,2.329568,1.324053,1.058075,0.578660,3.814716,1.000000
5910,2,0.504849,2.144316,5.727319,0.920059,4.196664,2.939547,1.000000
5913,1,0.730107,1.644123,1.888753,0.921107,0.532010,2.062932,1.000000
5913,2,0.522477,1.331480,3.561185,1.157447,2.824364,2.760796,1.000000
5915,1,0.911879,0.989815,1.070836,0.642605,0.705180,1.844032,1.000000
5915,2,0.726220,1.407091,3.553039,0.901918,2.994531,2.454690,1.000000
5916,1,0.952241,1.748277,1.890780,1.039338,0.950838,3.214290,1.000000
5916,2,0.734027,1.216677,3.567026,0.820060,2.080922,3.207499,1.000000
5918,1,0.910798,1.977033,1.977630,1.353821,1.046254,3.001173,1.000000
5918,2,0.934882,3.044998,5.732564,1.463277,3.824627,4.327691,1.000000
5919,1,0.682162,1.016894,1.168910,1.176472,0.545555,3.773752,1.000000
5919,2,0.565428,1.341865,4.529725,0.695451,4.094503,2.527743,1.000000
5922,1,0.698573,1.779330,1.268394,1.109281,0.565357,2.937318,1.000000
5922,2,0.519948,1.796112,5.367313,1.361163,3.133737,3.201958,1.000000
5926,1,0.852932,1.976283,2.111540,1.134467,0.657534,2.368048,1.000000
5926,2,0.688254,2.248986,4.983698,1.299444,3.270988,2.653728,1.000000
5933,1,0.775675,2.139268,1.695564,1.219169,0.783635,3.378584,1.000000
5933,2,0.678025,2.397351,4.214824,1.031156,4.939990,3.351616,1.000000
5936,1,0.922160,1.434743,1.571668,1.144948,0.715862,3.046740,1.000000
5936,2,0.647979,2.873164,4.808495,1.209697,4.458709,4.569096,1.000000
5940,1,1.082613,1.511718,2.976968,0.994307,1.024453,2.832901,1.000000
5940,2,0.930998,1.128176,4.780004,0.616253,3.411891,1.894970,1.000000
5941,1,0.707521,0.799425,0.823644,1.153781,0.397635,2.211591,1.000000
5941,2,0.757447,1.601573,5.181481,0.399601,7.058700,1.959196,1.000000
5942,1,0.748157,1.700499,0.979101,1.114655,0.492057,2.750869,1.000000
5942,2,0.531794,1.768141,3.999141,0.994709,2.592540,2.151867,1.000000
5943,1,1.195427,1.747625,1.609393,1.037626,0.622832,2.850077,1.000000
5943,2,0.913190,1.655751,4.878571,1.143265,4.165630,2.745273,1.000000
5944,1,1.061631,1.634682,1.968434,1.187345,0.783575,2.679033,1.000000
5944,2,0.770884,1.617981,4.358134,1.149670,4.373345,3.606962,1.000000
5945,1,0.597213,1.950735,1.071883,1.629421,0.496176,5.370191,1.000000
5945,2,0.399927,2.350257,3.982691,1.290621,3.866023,2.248420,1.000000
5949,1,0.714885,2.356266,2.160114,1.224613,0.883110,2.838303,1.000000
5949,2,0.597113,1.576345,4.601648,1.056701,3.744290,2.623697,1.000000
5950,1,0.655665,2.393994,1.985344,1.380629,1.014204,2.876566,1.000000
5950,2,0.553198,2.311856,6.864186,1.393540,5.691774,2.975751,1.000000
5958,1,0.662916,2.007803,1.797755,1.035023,0.690339,2.523229,1.000000
5958,2,0.482402,1.682280,5.376742,0.917145,3.041643,2.662287,1.000000
5960,1,0.752617,1.774255,2.550688,1.233599,1.241249,2.778900,1.000000
5960,2,0.595375,1.546157,4.343765,0.942704,2.382783,3.155454,1.000000
5968,1,0.652785,3.048056,2.542077,2.388649,0.847673,2.838163,1.000000
5968,2,0.434195,1.254039,2.304513,1.171626,1.997149,1.776001,1.000000
5974,1,0.844010,2.609617,2.278308,1.433858,1.099183,3.673933,1.000000
5974,2,0.747388,1.645831,4.744067,0.712228,4.011697,2.116378,1.000000
5977,1,0.676348,2.282104,2.577385,1.099522,0.980667,3.056479,1.000000
5977,2,0.510786,2.377346,6.512161,1.007694,3.962517,2.453630,1.000000
5980,1,0.791712,1.918524,1.653367,1.217519,0.797596,3.297698,1.000000
5980,2,0.703972,2.249087,5.565379,1.251704,4.031344,2.827362,1.000000
5981,1,0.829080,2.189706,2.602261,1.167433,0.894599,2.968338,1.000000
5981,2,0.634300,2.063766,4.798271,1.118014,3.138706,1.926980,1.000000
5990,1,0.818338,0.962005,1.183029,1.068493,0.463597,2.772132,1.000000
5990,2,0.621415,0.494441,2.757590,0.327662,1.771982,1.180703,1.000000
5992,1,0.760030,1.810097,2.227953,1.103975,0.895813,3.035313,1.000000
5992,2,0.621615,1.258697,4.301229,0.924397,3.577983,2.462086,1.000000
6000,1,0.695826,2.644941,2.161615,1.183243,1.021570,4.721155,1.000000
6000,2,0.582744,2.139002,4.858394,1.037591,3.405190,2.835505,1.000000
6003,1,0.680648,1.284358,1.237209,0.798993,0.968620,2.105193,1.000000
6003,2,0.543390,1.047885,2.810847,0.914782,1.982096,1.749378,1.000000
6004,1,0.754217,2.343289,2.054361,1.296008,0.983783,3.121192,1.000000
6004,2,0.506610,1.739818,4.109392,0.643410,3.359537,2.332610,1.000000
6016,1,0.666666,1.760659,2.209327,1.225628,0.581510,3.360201,1.000000
6016,2,0.547010,1.357462,5.746793,0.706027,3.215666,2.636345,1.000000
6026,1,0.539226,1.930514,1.481762,1.061509,0.575186,2.936908,1.000000
6026,2,0.445823,2.567181,4.163626,1.380127,3.881431,3.239363,1.000000
6029,1,0.672692,1.980465,2.212480,1.361059,0.964101,3.113595,1.000000
6029,2,0.620401,2.160864,5.529969,1.170292,3.730563,2.727573,1.000000
6034,1,0.715335,2.497150,2.372600,1.109135,0.986857,2.633943,1.000000
6034,2,0.599697,1.959625,3.803921,0.956801,3.791128,2.866833,1.000000
6036,1,0.789448,1.529619,1.341407,0.923308,0.703303,3.457254,1.000000
6036,2,0.656788,1.760634,4.878619,0.863059,3.717766,3.496188,1.000000
6038,1,0.767677,2.794641,2.537284,1.634480,1.181307,3.426370,1.000000
6038,2,0.699344,2.413681,4.429752,1.583389,3.839769,3.864644,1.000000
6041,1,0.806475,1.667753,2.404465,1.033746,0.687662,2.686833,1.000000
6041,2,0.638665,1.988018,4.845118,0.910747,3.837635,3.007043,1.000000
6048,1,0.538610,1.340452,0.924407,1.301647,0.320494,2.775908,1.000000
6048,2,0.573355,1.416408,3.924636,0.795368,5.197641,2.307592,1.000000
6050,1,0.978794,1.599055,1.393697,0.674584,0.660871,2.777427,1.000000
6050,2,0.751217,2.206270,5.770639,1.128232,5.686210,3.027093,1.000000
6051,1,0.691872,2.294484,1.933293,1.365292,1.004257,4.367471,1.000000
6051,2,0.541061,2.806111,5.877971,0.982020,5.349622,3.124085,1.000000
6056,1,0.718283,1.675756,2.245607,1.250855,0.767404,3.108235,1.000000
6056,2,0.579933,1.738484,5.909051,0.883829,3.108660,2.437738,1.000000
6064,1,0.725618,1.391572,2.281849,1.087526,0.868417,2.548485,1.000000
6064,2,0.733617,1.489055,4.144617,0.718213,2.794861,2.966913,1.000000
6068,1,0.825286,0.994618,1.010881,0.786923,0.591099,2.941965,1.000000
6068,2,0.717265,1.206864,2.862236,0.529129,1.516766,2.360731,1.000000
6072,1,0.769656,2.225680,2.340677,1.513259,0.956700,3.236219,1.000000
6072,2,0.624674,2.122234,5.030011,0.998952,4.098173,3.236809,1.000000
6098,1,0.871339,1.103191,1.388556,0.817236,0.477463,2.412806,1.000000
6098,2,0.675832,1.850260,5.890341,0.949391,4.392058,3.343839,1.000000
6110,1,0.764699,1.831242,1.550610,1.142063,1.319329,3.162153,1.000000
6110,2,0.648562,2.173347,5.054578,0.785795,3.833373,2.055230,1.000000
6114,1,0.952112,2.222041,2.426567,1.076239,1.278333,2.882331,1.000000
6114,2,0.814446,1.098985,3.874757,0.802521,3.069534,2.050615,1.000000
6128,1,0.878862,1.893703,0.942559,0.668889,0.833705,1.963150,1.000000
6128,2,0.753792,1.509364,3.929061,1.100921,2.470365,3.216851,1.000000
6130,1,0.770424,2.642122,2.804146,1.673770,1.678828,2.820881,1.000000
6130,2,0.706158,1.895801,4.027381,0.847997,3.688602,1.767522,1.000000
6139,1,0.556672,2.114017,1.786041,1.321282,0.675557,3.492246,1.000000
6139,2,0.535703,1.345924,3.167594,0.753790,3.069975,1.574460,1.000000
6148,1,0.790936,1.342661,1.459817,1.149150,0.937567,2.500343,1.000000
6148,2,0.721158,1.867797,5.211648,1.118102,4.199767,3.365792,1.000000
6150,1,0.876410,1.516470,1.529352,1.179117,0.718760,2.726401,1.000000
6150,2,0.713478,2.451771,4.855515,1.098150,3.047379,3.869932,1.000000
6164,1,0.638252,1.006735,1.573047,0.802543,0.552685,1.992397,1.000000
6164,2,0.514475,1.337181,3.006433,0.500789,2.636662,1.481189,1.000000
6175,1,1.245803,1.575809,1.847679,1.059094,0.913672,3.378245,1.000000
6175,2,0.914650,1.205818,4.031658,0.744643,2.997769,2.904889,1.000000
6176,1,0.660837,2.588421,2.216809,1.503543,1.036298,4.329373,1.000000
6176,2,0.554020,3.287997,5.297578,1.341172,4.413559,3.297730,1.000000
6183,1,0.809328,2.011106,2.489575,1.214750,1.352391,3.128641,1.000000
6183,2,0.621000,1.343666,3.646712,0.821852,3.047357,2.788660,1.000000
6198,1,0.805299,3.220797,1.233619,1.289229,1.021329,3.270738,1.000000
6198,2,0.668597,2.168057,2.648334,1.232040,3.779857,4.670201,1.000000
6216,1,0.929928,2.305655,2.241981,1.361146,0.820829,3.016156,1.000000
6216,2,0.617353,2.249445,5.342288,1.517273,4.793528,3.195162,1.000000
6221,1,1.046054,1.859283,2.421517,1.249373,0.962730,2.583832,1.000000
6221,2,0.825414,1.238130,3.936759,1.102284,2.933688,2.405335,1.000000
6226,1,1.023802,2.062145,2.552392,1.202630,0.985863,3.015879,1.000000
6226,2,0.733829,1.880913,5.846917,1.036875,3.059691,3.202006,1.000000
6227,1,0.542550,1.398977,1.377293,1.483029,0.588340,3.246058,1.000000
6227,2,0.525697,1.846446,3.104900,1.018019,2.667983,2.512831,1.000000
6237,1,1.379639,1.695181,2.630393,1.240993,1.045566,3.018549,1.000000
6237,2,0.995905,1.838800,4.525678,0.850240,3.764835,3.178173,1.000000
6258,1,0.645919,1.724475,1.997474,1.066826,0.786074,3.071911,1.000000
6258,2,0.443942,1.491634,5.412031,0.867291,3.766527,2.339965,1.000000
6264,1,0.944830,2.236146,2.630450,1.591676,1.428116,4.160086,1.000000
6264,2,0.698430,1.690047,4.348709,0.855574,2.630679,2.050824,1.000000
6265,1,0.893772,2.532718,1.985429,1.665374,1.007376,2.996178,1.000000
6265,2,0.802186,1.616933,2.974576,1.115522,3.347542,2.382671,1.000000
6270,1,0.527615,2.184752,2.515992,1.110493,1.089935,3.260244,1.000000
6270,2,0.548655,1.483089,3.344647,0.879105,2.830254,2.125266,1.000000
6274,1,0.633443,2.431957,2.310815,1.346542,0.795603,4.375895,1.000000
6274,2,0.526784,1.319455,2.966747,0.823951,3.502968,3.709375,1.000000
6282,1,0.654385,2.382816,1.579916,1.187957,0.742860,3.607495,1.000000
6282,2,0.495282,2.120962,4.708652,1.215485,3.605180,2.666726,1.000000
6284,1,0.828153,1.716139,2.913442,0.992021,0.946169,2.150294,1.000000
6284,2,0.661179,1.899214,5.831458,0.876793,4.598735,2.907253,1.000000
6295,1,0.549151,2.043624,1.701524,1.146481,0.671975,3.076093,1.000000
6295,2,0.425346,1.840786,5.331107,1.065200,3.731766,2.267860,1.000000
6298,1,0.602639,3.471894,2.405305,1.057169,0.605617,4.843233,1.000000
6298,2,0.591410,1.579683,4.768052,1.170558,5.696765,2.504909,1.000000
6299,1,0.721349,1.896686,1.902732,0.957020,0.748488,2.656918,1.000000
6299,2,0.640766,2.201799,5.469643,0.563684,2.797916,1.793739,1.000000
6303,1,0.883975,2.262869,2.519837,1.463873,0.756181,3.558096,1.000000
6303,2,0.637397,2.054797,5.119215,0.515866,4.171033,2.850019,1.000000
6318,1,0.805809,2.285334,2.631440,1.220446,1.206799,3.931342,1.000000
6318,2,0.620412,2.033290,5.435663,1.249816,4.100182,3.464341,1.000000
6320,1,0.770486,1.961310,1.683256,1.204434,0.767559,3.827836,1.000000
6320,2,0.561400,2.502379,6.780406,1.043602,4.447204,3.972189,1.000000
6363,1,0.713608,1.948084,1.760080,1.257767,0.795005,3.981649,1.000000
6363,2,0.551942,1.949252,6.164509,0.779422,3.792556,2.882094,1.000000
6366,1,0.957686,1.788141,1.741669,1.314102,0.702112,2.819740,1.000000
6366,2,0.747547,1.940367,5.424902,1.098997,5.734739,3.907571,1.000000
6373,1,0.907303,1.609083,1.408977,1.424328,0.720284,4.253606,1.000000
6373,2,0.626762,2.849730,5.782986,0.880511,5.262412,3.506035,1.000000
6376,1,0.648471,1.993603,1.666544,1.083230,0.856284,3.967964,1.000000
6376,2,0.576185,2.198258,6.155627,0.910397,4.166122,2.857113,1.000000
6378,1,0.743545,1.751751,2.158872,1.282353,0.830110,3.567600,1.000000
6378,2,0.616222,1.912061,6.476196,1.195546,3.694111,3.341210,1.000000
6379,1,0.757518,1.509174,1.828269,1.134059,0.801699,1.913026,1.000000
6379,2,0.554244,1.029585,2.972724,0.617197,2.041649,1.690348,1.000000
6383,1,0.967088,2.760390,2.404960,1.493376,1.251661,3.743268,1.000000
6383,2,0.728700,1.587337,2.745079,1.126361,2.329660,2.679460,1.000000
6384,1,0.788228,1.556185,1.869832,1.424057,0.843038,3.082934,1.000000
6384,2,0.555671,1.445214,4.838428,0.747574,2.573438,1.822024,1.000000
6387,1,0.618456,1.592762,1.517782,0.903640,0.322134,3.130893,1.000000
6387,2,0.423629,1.423621,5.112048,0.667390,2.821141,1.911193,1.000000
6389,1,0.691893,2.290170,1.721724,1.422469,0.752247,3.934508,1.000000
6389,2,0.553020,3.870095,7.166013,1.506758,5.200774,2.350673,1.000000
6393,1,0.681555,1.789759,2.507417,1.329605,1.313759,2.768610,1.000000
6393,2,0.731443,2.191601,6.097434,1.050490,4.057824,2.411684,1.000000
6398,1,0.773384,1.420991,1.701653,0.937923,1.025401,2.392648,1.000000
6398,2,0.535065,1.530435,3.882754,0.700412,2.709502,1.612135,1.000000
6401,1,0.700106,1.555694,1.498667,0.797723,0.609995,2.397754,1.000000
6401,2,0.582368,1.389120,5.564314,0.619769,3.693614,3.235668,1.000000
6404,1,0.685322,1.964105,1.548902,1.384664,0.620325,2.911651,1.000000
6404,2,0.545259,1.782202,4.599352,1.063607,3.514936,2.646604,1.000000
6405,1,0.986978,0.741134,1.852108,1.136986,0.476820,1.984786,1.000000
6405,2,0.874076,1.978647,3.201633,1.163965,4.114539,2.548063,1.000000
6406,1,1.069892,1.487947,2.084194,1.120185,0.891596,2.651902,1.000000
6406,2,0.869999,1.578218,5.456776,1.305986,3.277233,2.484585,1.000000
6407,1,0.976583,1.855780,2.054413,1.204115,1.072693,3.776357,1.000000
6407,2,0.746766,1.368173,3.421512,0.653250,3.001894,2.566170,1.000000
6412,1,0.735839,1.160772,1.306458,0.885949,0.535661,2.489934,1.000000
6412,2,0.610431,3.098280,6.231373,1.248041,3.793941,3.785450,1.000000
6420,1,0.654811,2.146764,2.008097,1.374456,0.848771,2.663481,1.000000
6420,2,0.521621,1.612942,3.710986,1.066860,2.409843,2.287859,1.000000
6432,1,0.511750,2.192071,2.441671,1.380088,1.262191,3.006611,1.000000
6432,2,0.424955,1.004394,3.278330,0.413716,2.711172,1.350071,1.000000
6435,1,1.097861,2.166858,2.935517,1.429266,1.023646,3.347295,1.000000
6435,2,0.820185,1.654559,5.095171,1.186314,2.886205,2.946960,1.000000
6439,1,0.792489,2.098638,1.976559,1.239450,0.744145,4.987960,1.000000
6439,2,0.639993,2.979786,8.613039,1.187242,5.554615,3.218911,1.000000
6445,1,1.122033,1.256429,1.914911,0.900580,0.800545,2.276026,1.000000
6445,2,0.914666,1.182609,3.994638,0.833468,2.342702,2.934470,1.000000
6447,1,0.631894,2.117059,2.446155,1.189900,1.224115,5.745786,1.000000
6447,2,0.513693,1.358315,4.663481,0.480337,2.651008,2.024054,1.000000
6448,1,0.813104,2.221184,3.030661,1.186835,0.792276,4.080922,1.000000
6448,2,0.617632,1.203084,5.860377,0.585472,3.235760,2.444865,1.000000
6449,1,0.854960,1.155615,1.688671,1.001794,0.757596,5.308821,1.000000
6449,2,0.738489,0.782541,3.292642,0.396429,3.685944,1.827449,1.000000
6450,1,0.582337,1.799096,1.559994,1.227132,0.469213,3.314924,1.000000
6450,2,0.520053,2.581151,5.455683,1.173612,5.698082,2.868064,1.000000
6451,1,1.148772,1.709529,2.586149,1.356426,0.964194,2.771001,1.000000
6451,2,0.842148,1.609930,5.917427,1.195642,3.879251,3.216647,1.000000
6454,1,0.855171,2.079719,1.955413,1.239594,0.889903,3.223276,1.000000
6454,2,0.724312,2.011062,5.508432,1.373049,5.843839,4.158537,1.000000
6457,1,1.253447,1.344321,1.724882,1.004749,0.702206,2.744229,1.000000
6457,2,0.904666,1.712445,4.238634,0.780289,4.692868,2.974859,1.000000
6458,1,0.581834,2.858260,2.577271,1.622811,1.024964,5.815245,1.000000
6458,2,0.479005,2.750214,5.721432,0.780049,4.611106,2.933008,1.000000
6459,1,1.011846,1.736012,1.575194,1.193246,0.645893,2.721744,1.000000
6459,2,0.674622,2.501128,5.427389,1.007652,4.363735,3.217681,1.000000
6460,1,0.798043,1.912770,2.183525,1.253426,0.905119,3.514113,1.000000
6460,2,0.677324,1.619418,5.997742,0.936605,3.516918,2.884716,1.000000
6462,1,0.612811,2.071009,1.706216,1.019039,0.693220,3.011973,1.000000
6462,2,0.534247,1.731672,3.933169,1.052859,3.783440,2.247276,1.000000
6466,1,0.749549,2.609653,2.786736,1.650450,1.450115,2.956062,1.000000
6466,2,0.775667,1.624110,3.582801,1.084877,2.820674,3.371085,1.000000
6483,1,0.698642,2.283799,2.111508,1.550791,1.033682,3.601145,1.000000
6483,2,0.594305,2.244265,4.311140,1.056994,2.975954,2.720952,1.000000
6487,1,0.642367,1.693009,1.636281,1.268168,0.608119,3.354654,1.000000
6487,2,0.556104,1.927745,4.789653,1.210652,3.513747,2.886573,1.000000
6488,1,0.878661,3.275177,2.741579,1.600516,1.337895,3.712905,1.000000
6488,2,0.672968,2.458592,4.724516,1.042066,3.831443,3.807364,1.000000
6492,1,0.612745,2.178103,1.919591,1.469133,0.713946,2.923656,1.000000
6492,2,0.484557,1.507321,3.949680,0.786711,3.032462,2.657477,1.000000
6494,1,0.728707,1.949143,2.224115,1.453055,0.771548,3.220884,1.000000
6494,2,0.630694,2.780114,7.551844,1.406169,5.990362,3.188998,1.000000
6496,1,0.512631,0.699229,1.099732,1.156397,0.484057,1.571331,1.000000
6496,2,0.535922,1.422829,1.471862,0.939068,1.662090,1.404902,1.000000
6498,1,0.616564,1.191230,1.052691,1.157848,0.457789,2.012515,1.000000
6498,2,0.466078,1.574504,2.956469,0.769158,3.439683,1.774218,1.000000
6499,1,0.801292,2.034036,2.545741,1.543359,1.030729,3.471421,1.000000
6499,2,0.731475,2.407821,4.769608,1.537571,3.491741,4.941408,1.000000
6500,1,0.602486,1.525943,1.428080,1.391368,0.625767,2.403954,1.000000
6500,2,0.447753,2.253348,3.847370,1.284542,3.603874,3.573383,1.000000
6506,1,0.705825,1.614111,1.934022,1.378661,0.848360,3.022328,1.000000
6506,2,0.535496,2.177717,3.752851,1.306918,3.110637,3.059417,1.000000
6507,1,0.884200,1.977165,2.453316,1.177773,1.168869,3.504065,1.000000
6507,2,0.741768,1.454636,4.549768,1.079249,2.769972,2.983773,1.000000
6508,1,0.653946,1.929083,1.959884,1.239743,0.965424,2.440157,1.000000
6508,2,0.821926,1.665742,2.555457,1.155829,1.909737,2.810580,1.000000
6514,1,0.797847,1.604900,1.967925,1.165105,1.145411,1.873070,1.000000
6514,2,0.735746,1.384484,3.235895,0.974628,2.863327,2.205647,1.000000
6526,1,1.046195,0.888356,1.190322,0.876675,0.482744,2.415648,1.000000
6526,2,0.718218,1.036587,3.900650,0.711599,2.936261,2.525972,1.000000
6528,1,0.604490,1.639238,2.174145,1.185859,0.730803,2.974874,1.000000
6528,2,0.473445,1.821181,3.307802,0.756165,1.792765,2.583649,1.000000
6531,1,0.688393,2.251583,2.201419,0.894028,1.024586,3.172451,1.000000
6531,2,0.553547,2.428944,4.980819,1.071499,2.843873,3.363836,1.000000
6532,1,0.621035,2.616852,2.108310,0.999167,1.094490,2.956112,1.000000
6532,2,0.467101,1.536303,2.564692,0.841060,1.534946,3.393810,1.000000
6533,1,0.687381,2.400240,2.161897,1.512856,0.950284,4.172561,1.000000
6533,2,0.554830,2.193797,5.645206,1.244451,4.824052,3.032619,1.000000
6538,1,0.546605,1.195328,1.443078,1.368804,0.707716,2.279418,1.000000
6538,2,0.435577,1.131915,3.637398,0.875476,2.792906,1.717240,1.000000
6540,1,0.718146,2.652418,2.481030,1.400627,1.041873,3.132091,1.000000
6540,2,0.551219,1.558743,3.871858,1.146623,2.185459,2.871770,1.000000
6544,1,0.903123,1.800207,2.138957,1.255376,0.802380,3.624414,1.000000
6544,2,0.642134,1.218739,3.891214,0.695896,3.169552,2.741944,1.000000
6550,1,0.763390,1.576485,1.521989,0.990664,0.755075,2.340221,1.000000
6550,2,0.661005,1.106299,3.087188,0.631808,2.370972,1.813419,1.000000
6552,1,0.916856,1.694051,2.189778,1.498112,0.770774,3.618579,1.000000
6552,2,0.694002,2.733592,7.130834,1.057648,4.120591,2.951966,1.000000
6557,1,1.035459,1.675329,2.535728,1.040392,1.104429,2.197308,1.000000
6557,2,0.886533,1.810762,4.836385,0.954871,2.600399,2.445760,1.000000
6559,1,0.958431,2.751736,2.664898,1.468031,0.896807,3.433070,1.000000
6559,2,0.690679,2.244992,5.095986,0.920388,3.825503,2.514744,1.000000
6563,1,0.853780,1.510511,2.238354,1.008710,0.929248,2.450623,1.000000
6563,2,0.692178,1.213250,3.937249,0.754488,2.128301,2.483060,1.000000
6565,1,1.016426,1.697440,2.749341,1.440090,1.417214,4.452012,1.000000
6565,2,0.819555,0.804207,2.555827,0.576408,1.879009,1.871985,1.000000
6570,1,0.802644,1.517055,1.872734,1.114158,0.738575,3.312264,1.000000
6570,2,0.680240,2.276447,4.781602,1.232521,3.128259,2.768977,1.000000
6572,1,0.826130,2.171247,1.905507,1.409289,0.831805,3.340046,1.000000
6572,2,0.490893,3.088320,7.986260,1.255907,4.550482,2.604686,1.000000
6601,1,0.805558,1.547986,1.752457,1.127518,0.805167,3.160993,1.000000
6601,2,0.600396,1.382105,4.978433,0.866862,3.318580,2.617223,1.000000
6620,1,0.722305,1.797436,1.920934,1.337627,0.847967,3.392395,1.000000
6620,2,0.606073,1.969108,4.644027,0.939715,3.298786,2.822932,1.000000
6628,1,0.625588,1.855826,2.257687,1.158129,0.906650,3.564670,1.000000
6628,2,0.545746,1.465945,3.312649,0.872698,1.959647,2.898299,1.000000
6631,1,0.927492,2.227324,2.970794,1.329973,1.048988,3.151321,1.000000
6631,2,0.681246,1.676440,6.559302,0.844233,2.408280,2.523355,1.000000
6636,1,0.760642,2.010344,2.699188,1.286056,1.111391,3.308221,1.000000
6636,2,0.651302,1.442414,4.480887,0.531418,5.285547,3.005789,1.000000
6639,1,0.787828,1.766313,2.282000,1.146299,1.174212,2.965673,1.000000
6639,2,0.635587,1.566387,4.003452,1.063168,2.627858,3.030022,1.000000
6641,1,0.630309,1.822014,1.544906,0.896294,0.981337,3.457669,1.000000
6641,2,0.635351,2.643250,5.250200,1.321372,4.905102,4.121812,1.000000
6649,1,0.952162,1.149260,1.238461,0.902736,0.458655,3.163557,1.000000
6649,2,0.711262,1.090213,3.835928,0.513081,5.445862,1.709990,1.000000
6652,1,0.815099,2.214877,2.965900,1.132607,1.050899,2.580907,1.000000
6652,2,0.776652,1.604996,5.643346,1.181184,4.083946,2.986940,1.000000
6660,1,0.861513,1.986475,1.874371,1.146295,0.995102,4.148169,1.000000
6660,2,0.906805,1.913888,4.144572,0.684881,3.216132,3.584916,1.000000
6667,1,0.661516,1.770277,1.669531,0.968714,0.752332,2.843251,1.000000
6667,2,0.544685,1.817072,4.810663,0.966988,3.360638,2.701937,1.000000
6678,1,1.238271,2.186114,2.309378,1.482137,1.252934,4.065474,1.000000
6678,2,0.870509,1.407616,4.735519,0.693508,3.213261,2.923759,1.000000
6679,1,1.050016,1.874277,2.414543,1.215273,0.904746,3.064429,1.000000
6679,2,0.759656,1.849415,5.130685,0.863541,3.098831,3.194982,1.000000
6680,1,0.744842,1.774412,2.336701,1.669767,1.391384,3.668153,1.000000
6680,2,0.602504,1.358242,3.429777,0.628447,3.237952,1.999496,1.000000
6685,1,0.585555,2.011466,1.624126,1.309890,0.753299,4.012955,1.000000
6685,2,0.446474,1.748962,4.666733,0.842192,3.663113,2.313553,1.000000
6689,1,0.609576,2.167616,1.579035,1.468177,0.772696,3.943075,1.000000
6689,2,0.528410,1.939539,4.941471,1.274779,3.952043,2.865463,1.000000
6713,1,1.041987,2.364401,3.696518,1.152287,1.808618,3.179205,1.000000
6713,2,0.901606,2.107796,4.726410,1.010487,3.164209,2.850616,1.000000
6717,1,0.692368,2.633887,1.976111,1.667030,0.820400,3.548831,1.000000
6717,2,0.529271,2.486241,4.648911,1.653482,3.522730,3.576732,1.000000
6732,1,1.264189,1.205371,2.084727,0.862447,0.929769,2.034099,1.000000
6732,2,0.885338,1.798288,6.618901,0.993040,4.095661,2.773303,1.000000
6733,1,0.954123,1.275817,1.701807,0.989885,0.634224,2.652202,1.000000
6733,2,0.661955,1.507667,4.395024,0.940037,3.426338,3.404507,1.000000
6746,1,0.762440,1.536115,1.238338,1.430987,0.926177,3.361061,1.000000
6746,2,0.756812,1.266825,3.244472,0.758973,3.483084,1.905604,1.000000
6779,1,0.970720,1.959950,2.024555,1.236531,1.089591,2.995059,1.000000
6779,2,0.768783,1.520835,4.690822,1.033521,3.998201,3.449366,1.000000
6780,1,0.751089,2.678926,2.220142,1.586941,1.499523,5.068427,1.000000
6780,2,0.519150,1.901074,3.356185,0.559457,3.719035,3.340694,1.000000
6782,1,0.877531,2.335324,1.890788,1.587994,0.772174,4.949861,1.000000
6782,2,0.785619,2.266731,4.420610,1.016855,3.038409,4.476302,1.000000
6785,1,1.095875,2.048625,1.682173,1.524921,0.712464,2.826819,1.000000
6785,2,0.702529,1.483419,3.616778,1.336154,2.198664,2.762446,1.000000
6787,1,1.283892,1.706999,1.494641,1.099648,1.022977,3.214603,1.000000
6787,2,0.962475,0.895331,2.519545,0.576382,1.751310,2.381110,1.000000
6791,1,0.905282,2.207075,3.282695,1.279754,1.257362,3.081970,1.000000
6791,2,0.818997,1.335673,3.585909,0.689579,2.672764,1.915667,1.000000
6792,1,0.806985,2.230318,2.463254,1.683250,0.942933,3.461690,1.000000
6792,2,0.623474,1.620708,5.123596,0.859380,2.820143,2.350149,1.000000
6797,1,0.884340,2.196695,1.602367,1.232611,1.228423,3.500644,1.000000
6797,2,0.710408,0.903187,2.600073,0.809634,1.523505,2.507881,1.000000
6809,1,0.940008,2.080212,2.968538,1.349471,1.286890,3.696853,1.000000
6809,2,0.782337,1.583375,4.723974,0.846956,3.089530,3.378432,1.000000
6825,1,0.772022,2.669621,1.364434,0.957284,0.737817,4.027707,1.000000
6825,2,0.506583,1.649825,3.654729,0.739438,3.353618,1.962051,1.000000
6833,1,0.800223,2.065473,2.818083,1.538288,1.114640,2.902116,1.000000
6833,2,0.648217,1.748653,5.307322,0.854403,3.544994,2.776843,1.000000
6848,1,0.888889,1.855696,2.413707,1.287059,0.954726,3.031516,1.000000
6848,2,0.599938,1.750756,4.049939,1.047634,2.863283,2.529436,1.000000
6854,1,0.741332,2.257599,2.431931,1.360498,0.986233,3.421735,1.000000
6854,2,0.582517,1.551779,3.593551,0.756259,2.832987,2.381048,1.000000
6859,1,0.549757,2.429800,2.285724,1.349840,0.732730,3.324683,1.000000
6859,2,0.346561,2.362397,5.006746,1.690030,4.364168,2.448634,1.000000
6860,1,0.938800,2.780780,1.545509,1.610441,1.074997,3.410801,1.000000
6860,2,0.636145,1.693748,3.467868,0.938341,2.841064,3.816390,1.000000
6863,1,1.427367,2.354570,2.914662,1.291600,1.566803,3.610312,1.000000
6863,2,1.146106,2.519287,6.321800,1.212118,4.068119,4.337045,1.000000
6864,1,0.690950,2.168457,2.432036,1.166066,0.976489,2.740582,1.000000
6864,2,0.546949,1.950680,4.038579,1.194431,3.716861,3.260478,1.000000
6865,1,0.784255,1.750605,1.759228,1.281794,0.894642,4.244575,1.000000
6865,2,0.689419,2.596965,5.931419,1.028803,4.727433,3.282691,1.000000
6870,1,1.209645,1.967750,2.734429,1.101941,1.271086,4.195574,1.000000
6870,2,0.900624,1.087711,4.227859,0.711566,2.361931,3.440930,1.000000
6875,1,0.685537,1.886171,2.010052,1.002785,0.693050,2.569360,1.000000
6875,2,0.529673,1.859128,5.063269,0.841036,3.413292,2.408741,1.000000
6876,1,0.947850,1.509560,1.787633,1.382595,0.616079,3.095859,1.000000
6876,2,0.873167,1.216634,3.599000,0.823228,2.022782,2.833350,1.000000
6882,1,0.914520,2.035557,1.378384,1.226203,0.837318,3.015383,1.000000
6882,2,0.740260,0.980652,2.561332,0.720093,1.705035,3.038363,1.000000
6883,1,0.500176,1.891918,1.648264,1.470913,0.983491,3.854602,1.000000
6883,2,0.384483,3.016640,4.539547,1.072526,4.292671,2.332374,1.000000
6893,1,1.033212,1.019488,1.438602,0.868293,0.718124,2.320067,1.000000
6893,2,0.874771,0.881140,4.194527,0.490300,2.801314,2.484459,1.000000
6909,1,0.506333,2.159955,1.458051,1.005258,0.761553,2.311125,1.000000
6909,2,0.490906,1.439501,3.903170,0.504516,3.037387,2.001912,1.000000
6913,1,0.477072,1.490969,1.192294,1.231881,0.637249,2.889942,1.000000
6913,2,0.448609,3.007930,3.915015,1.678784,4.248632,3.324219,1.000000
6914,1,0.987731,1.975067,2.458155,1.405830,1.232986,2.875739,1.000000
6914,2,0.805254,2.094656,5.498285,1.396850,4.810174,3.826637,1.000000
6924,1,0.785957,2.502413,1.976853,1.397584,1.128326,3.453209,1.000000
6924,2,0.676204,1.745017,3.261413,1.095244,1.926552,1.907239,1.000000
6933,1,0.794911,1.744333,3.042186,1.200889,1.041112,2.794607,1.000000
6933,2,0.615127,1.131399,3.408085,0.828338,2.081239,2.306638,1.000000
6946,1,0.667410,1.938419,1.750058,1.156470,1.407633,2.905735,1.000000
6946,2,0.804337,1.694981,2.498319,1.181599,3.246779,3.020005,1.000000
6954,1,0.857745,2.883490,2.873505,1.511716,1.316394,4.781460,1.000000
6954,2,0.593139,1.376337,4.308987,1.034961,2.871858,2.711971,1.000000
6955,1,0.545142,2.472721,2.608218,0.816718,0.744922,3.373780,1.000000
6955,2,0.505085,1.682483,7.866458,0.961821,2.877405,2.306053,1.000000
6958,1,0.835674,1.910368,2.201073,1.314344,0.717926,3.692549,1.000000
6958,2,0.656051,1.939502,4.999499,1.418606,4.453131,4.658668,1.000000
6961,1,0.732369,1.896336,1.385874,0.993519,0.523644,3.161956,1.000000
6961,2,0.516278,2.153710,5.517356,1.240359,3.277935,3.126584,1.000000
6962,1,0.624343,1.459417,2.102589,1.112829,0.842642,2.997646,1.000000
6962,2,0.557679,1.768811,3.907440,0.516632,3.396331,2.934648,1.000000
6968,1,0.608048,0.937127,2.480136,1.267745,0.577776,3.466290,1.000000
6968,2,0.435847,1.178567,6.006409,0.910052,3.437484,2.520637,1.000000
6969,1,0.616898,1.031445,1.091728,1.001174,0.429124,1.730867,1.000000
6969,2,0.505866,2.338450,3.627660,1.407077,2.627966,2.209572,1.000000
6977,1,0.846410,1.679364,1.582510,1.575494,0.889944,2.896285,1.000000
6977,2,0.763315,1.877899,4.946461,1.306472,3.474391,3.127745,1.000000
6978,1,0.655019,2.035299,2.704463,1.291786,1.076548,2.761227,1.000000
6978,2,0.633083,2.712379,5.763346,1.320609,4.602977,2.508050,1.000000
6979,1,0.875329,2.150809,1.938350,1.008063,0.881811,3.354612,1.000000
6979,2,0.796050,1.832303,4.502146,1.052113,3.197326,3.754139,1.000000
6983,1,0.931720,1.590779,1.884406,1.049397,1.023910,2.172343,1.000000
6983,2,0.854886,1.929180,5.139424,0.976510,2.667445,2.424156,1.000000
6989,1,0.861824,1.973502,2.259877,1.338222,1.059344,3.053180,1.000000
6989,2,0.766577,1.376530,3.360914,0.874689,2.462227,2.760128,1.000000
6992,1,0.880676,1.424730,1.326324,0.745960,0.542926,4.029854,1.000000
6992,2,0.814464,2.701366,4.822490,0.690079,6.972114,2.167813,1.000000
6995,1,0.731742,1.510215,2.403189,1.109123,1.062328,2.041415,1.000000
6995,2,0.635552,1.282479,3.224084,0.681217,1.812039,1.932036,1.000000
7013,1,0.772157,2.218168,2.722901,1.464707,1.193012,2.066608,1.000000
7013,2,0.696973,1.064651,3.833581,1.013501,2.629652,2.204665,1.000000
7021,1,1.023114,1.869456,2.132733,1.212087,0.859275,3.351048,1.000000
7021,2,0.959635,1.361552,4.517672,0.999516,2.626597,3.166993,1.000000
7024,1,0.600483,2.459565,2.682813,1.211369,1.368816,3.263515,1.000000
7024,2,0.546828,1.109597,2.847933,0.611698,1.221104,1.450993,1.000000
7025,1,0.857149,1.389265,2.283951,1.140779,0.897434,1.584988,1.000000
7025,2,0.822214,1.180087,3.079526,0.503708,1.803720,1.418775,1.000000
7028,1,0.939177,1.738117,2.076992,1.186598,1.173742,2.489882,1.000000
7028,2,0.759853,1.115269,3.743689,0.866878,2.378689,2.067114,1.000000
7029,1,0.774412,2.208210,1.699859,1.566925,0.607468,2.589518,1.000000
7029,2,0.600701,2.676497,4.348783,1.341160,7.092627,3.882035,1.000000
7032,1,2.083452,1.818503,2.528940,1.306879,1.343923,3.559249,1.000000
7032,2,1.638219,0.790325,3.356264,0.458452,2.344382,2.167289,1.000000
7067,1,0.629571,1.955036,1.614544,1.088361,0.943311,2.641282,1.000000
7067,2,0.571446,1.756736,3.646612,1.012470,3.248830,2.468124,1.000000
7111,1,0.756670,1.906977,1.705461,0.903891,0.979306,2.443775,1.000000
7111,2,0.693322,1.395376,6.627255,0.960495,3.670996,2.780779,1.000000
7128,1,0.715736,1.426737,1.750234,1.129304,0.906621,3.263688,1.000000
7128,2,0.617074,1.436686,4.246399,0.808077,3.278541,2.183752,1.000000
7135,1,0.931413,1.622266,2.662199,1.190797,0.928099,2.680715,1.000000
7135,2,0.741227,1.583441,4.431666,0.753475,3.324920,3.266830,1.000000
7136,1,0.871170,1.588984,1.180223,1.082690,0.757641,2.081616,1.000000
7136,2,0.643498,1.760668,4.429164,0.701495,3.230908,1.723377,1.000000
7141,1,1.052205,2.743522,1.771748,1.362011,0.866683,3.687955,1.000000
7141,2,0.758680,2.255980,4.731105,1.041372,3.829568,3.098360,1.000000
7174,1,0.853136,2.059684,2.135676,1.289033,0.839901,3.146901,1.000000
7174,2,0.667959,1.753595,4.356112,1.030111,2.785900,3.175816,1.000000
7194,1,0.938178,2.352144,1.862017,1.329558,1.366640,2.694491,1.000000
7194,2,0.856893,2.142320,4.328059,1.420326,3.578338,3.202557,1.000000
7237,1,0.873014,3.154253,1.973863,1.164283,1.362891,3.032199,1.000000
7237,2,0.721371,1.048406,2.232746,0.941951,1.512026,2.826321,1.000000
7241,1,1.153285,1.637362,2.317632,0.894778,1.338405,2.495646,1.000000
7241,2,0.778450,1.886762,4.302806,0.618299,4.771277,3.055804,1.000000
7248,1,0.974065,1.500778,2.250135,0.941070,0.916903,2.671615,1.000000
7248,2,0.823120,1.112693,4.093465,0.815376,2.398481,2.423609,1.000000
7273,1,0.686023,2.695898,3.369669,1.827711,1.557591,3.630707,1.000000
7273,2,0.662823,2.299934,5.015734,1.186006,3.753391,2.651802,1.000000
7279,1,1.007573,2.535104,2.698076,1.731220,0.947250,4.190520,1.000000
7279,2,0.786358,2.067617,4.327671,0.943719,3.550814,3.313216,1.000000
7296,1,0.870143,2.591030,2.327367,1.045763,1.442700,2.238330,1.000000
7296,2,0.662935,1.405109,2.615833,0.919469,2.325995,2.914337,1.000000
7313,1,0.734516,2.279594,2.669131,1.681347,0.829314,3.802894,1.000000
7313,2,0.607659,1.386308,3.246629,1.401158,2.021195,3.161462,1.000000
7324,1,0.618836,1.371008,1.963997,0.811120,1.123412,2.869887,1.000000
7324,2,0.523932,1.507036,4.169210,0.870361,2.687468,2.487498,1.000000
7325,1,0.913948,1.721419,2.111999,1.128919,1.020890,2.595792,1.000000
7325,2,0.665554,1.199703,4.348963,0.739437,2.731956,1.878913,1.000000
7331,1,0.670910,1.671680,2.139837,1.170614,0.662907,2.495865,1.000000
7331,2,0.493116,1.164554,3.252084,0.813899,2.110791,2.653217,1.000000
7333,1,0.632690,2.616784,1.568755,1.285070,0.917023,2.647664,1.000000
7333,2,0.568353,1.206776,2.483663,0.955900,1.681404,2.079731,1.000000
7336,1,0.659421,2.514537,1.531142,1.423595,0.683149,2.882221,1.000000
7336,2,0.608234,3.261101,6.877066,1.005389,4.197775,2.780833,1.000000
7361,1,0.842562,1.963607,2.226353,1.211359,0.999129,3.085711,1.000000
7361,2,0.696882,1.503117,5.635623,0.583159,3.422279,2.848564,1.000000
7363,1,0.647736,2.686998,2.505029,1.732040,0.838330,4.141803,1.000000
7363,2,0.522863,2.927380,5.789110,1.372044,3.250964,3.545743,1.000000
7367,1,0.711902,2.504169,1.834685,1.667860,1.396686,3.174198,1.000000
7367,2,0.735501,1.410523,3.316392,0.463676,1.755453,2.149825,1.000000
7572,1,0.794036,1.832817,1.897167,1.141559,0.775651,3.662502,1.000000
7572,2,0.601740,1.615033,6.301968,1.104488,2.703045,2.852992,1.000000
7577,1,0.847956,2.013631,2.626641,1.148381,0.858732,1.928295,1.000000
7577,2,0.650810,1.216443,3.673606,0.987330,2.163079,2.667518,1.000000
7601,1,1.043436,1.569198,2.378251,0.926803,1.234702,2.407624,1.000000
7601,2,0.748495,0.585485,2.102465,0.479754,1.233554,1.606834,1.000000
7602,1,0.579426,2.000225,2.053442,1.306651,0.789885,3.104430,1.000000
7602,2,0.505076,1.501156,3.499851,0.822204,2.086170,1.843059,1.000000
7628,1,0.906237,1.620582,1.334438,1.203429,0.724108,3.916173,1.000000
7628,2,0.732894,1.176937,3.327787,0.575570,3.097118,2.646697,1.000000
7631,1,0.739963,1.423813,1.981366,0.931046,0.876388,2.386461,1.000000
7631,2,0.655980,1.870483,5.359045,0.423095,2.807179,1.829368,1.000000
7653,1,1.690193,1.272476,2.457095,1.097400,0.921722,2.867561,1.000000
7653,2,0.996265,1.663933,5.991037,0.892600,3.205217,2.635949,1.000000
